Sr no,State,District,Population,Literacy ,Literacy Rate,Area in sq kms,Single State,Total Crime 2001,Literate rate statewise,Literate rate per state,Count
1,Andaman and Nicobar,Andamans,314084,226600,82.49,6408,Andaman and Nicobar,0,77.42,77.42,2
2,Andaman and Nicobar,Nicobars,42068,26535,72.35,1841,Andhra Pradesh,2933,526.5852174,526.59,23
3,Andhra Pradesh,Adilabad,2488003,1112189,52.68,16105,Arunachal Pradesh,0,53.16692308,53.17,13
4,Andhra Pradesh,Nizamabad,2345685,1044788,52.02,7956,Assam,6,63.11695652,63.12,23
5,Andhra Pradesh,Karimnagar,3491822,1661089,54.9,11823,Bihar,1303,46.42135135,46.43,37
6,Andhra Pradesh,Medak,2670097,1171134,51.65,9700,Chandigarh,3,81.94,81.94,1
7,Andhra Pradesh,Hyderabad,3829753,2634949,78.8,217,Diu and Daman,0,76.015,76.02,2
8,Andhra Pradesh,Rangareddi,3575064,2034381,66.16,7493,Delhi,19,81.66666667,81.67,9
9,Andhra Pradesh,Mahbubnagar,3513934,1317521,44.41,18432,Goa,1,81.79,81.79,2
10,Andhra Pradesh,Nalgonda,3247982,1595643,57.15,14240,Gujarat,1242,67.0748,67.08,25
11,Andhra Pradesh,Warangal,3246004,1595745,57.13,12846,Haryana,229,68.24473684,68.25,19
12,Andhra Pradesh,Khammam,2578927,1267944,56.89,16029,Himachal Pradesh,110,75.50833333,75.51,12
13,Andhra Pradesh,Srikakulam,2537593,1217659,55.31,5837,Jharkhand,158,50.51166667,50.52,18
14,Andhra Pradesh,Vizianagaram,2249254,997482,51.07,6539,Jammu and Kashmir,10,54.86714286,54.87,14
15,Andhra Pradesh,Visakhapatnam,3832336,2002316,59.96,11161,Karnataka,1621,65.72666667,65.73,27
16,Andhra Pradesh,East Godavari,"4,872,622",2458822,10807,10807,Kerala,499,90.52285714,90.53,14
17,Andhra Pradesh,West Godavari,3803517,2539974,73.53,7742,Lakshdweep,0,86.66,86.66,1
18,Andhra Pradesh,Krishna,4187841,2455965,68.85,8727,Maharashtra,625,74.55342857,74.56,35
19,Andhra Pradesh,Guntur,4465144,1532126,62.54,11391,Manipur,0,424.4333333,424.44,9
20,Andhra Pradesh,Prakasam,3059423,1522866,57.38,17626,Meghalya,0,60.72285714,60.73,7
21,Andhra Pradesh,Nellore,2668564,1420752,65.08,13076,Mizoram,1,85.55375,85.56,8
22,Andhra Pradesh,Cuddapah,2601797,1592172,62.83,15359,Madhya Pradesh,4212,62.98066667,62.99,45
23,Andhra Pradesh,Kurnool,3529494,1774088,53.22,17658,Nagaland,1,68.52875,68.53,8
24,Andhra Pradesh,Anantapur,3640478,2176990,56.13,19130,ODISHA,1734,59.97965517,59.98,29
25,Andhra Pradesh,Chittoor,3745875,15337,66.77,15151,Pondicherry,13,82.995,83,4
26,Arunachal Pradesh,Tawang,38924,37687,47.32,2172,Punjab,134,68.61176471,68.62,17
27,Arunachal Pradesh,West,74599,18338,60.76,7422,Rajasthan,4892,58.931875,58.94,32
28,Arunachal Pradesh,East,57179,69982,40.64,4134,Sikkim,6,66.9975,67,4
29,Arunachal Pradesh,Papum,122003,35933,69.32,3462,Tamil Nadu,2336,72.94266667,72.95,30
30,Arunachal Pradesh,Lower,98244,22379,44.79,9548,Tripura,2,70.27,70.27,4
31,Arunachal Pradesh,Upper,55346,51216,50.35,7032,Uttar Pradesh,10732,56.01057143,56.02,70
32,Arunachal Pradesh,West,103918,43495,59.47,8325,UTTARAKHAND,168,72.01769231,72.02,13
33,Arunachal Pradesh,East,87397,13424,60.73,3603,West Bengal,10,66.07,66.07,18
34,Arunachal Pradesh,Upper,33363,27854,49.78,6590,CHHATTISGARH,501,63.023125,63.03,16
35,Arunachal Pradesh,Dibang,57720,64445,58.89,13029,,,,,
36,Arunachal Pradesh,Lohit,143527,51291,56.07,11402,,,,,
37,Arunachal Pradesh,Changlang,125422,33404,51.32,4662,,,,,
38,Arunachal Pradesh,Tirap,100326,383541,41.73,2362,,,,,
39,Assam,Kokrajhar,905764,625369,51.63,3538,,,,,
40,Assam,Dhubri,1637344,384670,48.21,2798,,,,,
41,Assam,Goalpara,822035,439861,58.03,1824,,,,,
42,Assam,Bongaigaon,904835,752682,59.33,2152,,,,,
43,Assam,Barpeta,1647201,1608191,56.24,3245,,,,,
44,Assam,Kamrup,2522324,657925,74.16,4345,,,,,
45,Assam,Nalbari,1148824,684998,67.23,2257,,,,,
46,Assam,Darrang,1504320,367292,55.44,3481,,,,,
47,Assam,Marigaon,776256,1165617,58.53,1551,,,,,
48,Assam,Nagaon,2314629,830579,61.73,3973,,,,,
49,Assam,Sonitpur,1681513,506433,59,5324,,,,,
50,Assam,Lakhimpur,889010,304606,68.56,2277,,,,,
51,Assam,Dhemaji,571944,588302,64.48,3237,,,,,
52,Assam,Tinsukia,1150062,698148,60.95,3790,,,,,
53,Assam,Dibrugarh,1185072,672158,68.96,3381,,,,,
54,Assam,Sibsagar,1051736,660591,74.47,2668,,,,,
55,Assam,Jorhat,999221,557360,76.34,2851,,,,,
56,Assam,Golaghat,946279,382574,69.38,3502,,,,,
57,Assam,Karbi,813311,106354,57.7,10434,,,,,
58,Assam,North,188079,824437,67.62,4888,,,,,
59,Assam,Cachar,1444921,550119,67.82,3786,,,,,
60,Assam,Karimganj,1007976,263547,66.24,1809,,,,,
61,Assam,Hailakandi,542872,932347,59.64,1327,,,,,
62,Bihar,Pashchim,3043466,1164670,38.93,5228,,,,,
63,Bihar,Purba,3939773,144444,37.54,3968,,,,,
64,Bihar,Sheohar,515961,817711,35.27,349,,,,,
65,Bihar,Sitamarhi,2682720,1195776,38.46,2294,,,,,
66,Bihar,Madhubani,3575281,509025,41.97,3501,,,,,
67,Bihar,Supaul,1732578,589679,37.28,2425,,,,,
68,Bihar,Araria,2158608,313488,35.01,2830,,,,,
69,Bihar,Kishanganj,1296348,700070,31.09,1884,,,,,
70,Bihar,Purnia,2543942,655119,35.1,3229,,,,,
71,Bihar,Katihar,2392638,431480,35.09,3057,,,,,
72,Bihar,Madhepura,1526646,465577,36.07,1788,,,,,
73,Bihar,Saharsa,1508182,1167572,39.08,1687,,,,,
74,Bihar,Darbhanga,3295789,1440954,44.33,2279,,,,,
75,Bihar,Muzaffarpur,3746714,816173,47.95,3172,,,,,
76,Bihar,Gopalganj,2152638,1118027,47.48,2033,,,,,
77,Bihar,Siwan,2714349,1347610,51.65,2219,,,,,
78,Bihar,Saran,3248701,1098151,51.8,2641,,,,,
79,Bihar,Vaishali,2718421,1211152,50.49,2036,,,,,
80,Bihar,Samastipur,3394793,896444,45.13,2904,,,,,
81,Bihar,Begusarai,2349366,414174,47.98,1918,,,,,
82,Bihar,Khagaria,1280354,965683,41.35,1486,,,,,
83,Bihar,Bhagalpur,2423172,547326,49.5,2569,,,,,
84,Bihar,Banka,1608773,554332,42.73,3020,,,,,
85,Bihar,Munger,1137797,303536,59.47,1419,,,,,
86,Bihar,Lakhisarai,802225,202035,47.96,1228,,,,,
87,Bihar,Sheikhpura,525502,1015473,48.6,689,,,,,
88,Bihar,Nalanda,2370528,2453501,53.19,2355,,,,,
89,Bihar,Patna,4718592,1073010,62.92,3202,,,,,
90,Bihar,Bhojpur,2243144,642167,58.96,2395,,,,,
91,Bihar,Buxar,1402396,561854,56.8,1703,,,,,
92,Bihar,Kaimur,1289074,1205287,55.12,3362,,,,,
93,Bihar,Rohtas,2450748,674115,61.29,3851,,,,,
94,Bihar,Jehanabad,1514315,920766,55.26,1569,,,,,
95,Bihar,Aurangabad,2013055,1405453,57.03,3305,,,,,
96,Bihar,Gaya,3473428,679135,50.45,4976,,,,,
97,Bihar,Nawada,1809696,476261,46.83,2494,,,,,
98,Bihar,Jamui,1398796,306668,42.43,3098,,,,,
99,Chhattisgarh,Koriya,586327,873459,63.09,6604,,,,,
100,Chhattisgarh,Surguja,1972094,395548,54.79,15731,,,,,
101,Chhattisgarh,Jashpur,743160,746495,63.77,5838,,,,,
102,Chhattisgarh,Raigarh,1265529,518372,70.16,7086,,,,,
103,Chhattisgarh,Korba,1011823,720507,61.71,6599,,,,,
104,Chhattisgarh,Janjgir,1317431,1048167,65.94,3852,,,,,
105,Chhattisgarh,Bilaspur,1998355,261036,63.51,8270,,,,,
106,Chhattisgarh,Kawardha,584552,823076,55.15,4223,,,,,
107,Chhattisgarh,Rajnandgaon,1283224,1793890,77.21,8068,,,,,
108,Chhattisgarh,Durg,2810436,1713653,75.62,8549,,,,,
109,Chhattisgarh,Raipur,3016930,484836,68.51,13083,,,,,
110,Chhattisgarh,Mahasamund,860257,441921,67.01,4789,,,,,
111,Chhattisgarh,Dhamtari,706591,396797,74.89,3385,,,,,
112,Chhattisgarh,Kanker,650934,471780,72.93,6506,,,,,
113,Chhattisgarh,Bastar,1306673,176944,43.91,14974,,,,,
114,Chhattisgarh,Dantewada,719487,643245,30.17,17634,,,,,
115,Chandigarh,Chandigarh,900635,26167,81.94,40,,,,,
116,Diu and Daman,Diu,44215,81433,71.38,72,,,,,
117,Diu and Daman,Daman,113989,1957902,80.65,"113,949",,,,,
118,Delhi,North,2860869,540192,80.57,440,,,,,
119,Delhi,North,781525,1141035,80.1,59,,,,,
120,Delhi,North,1768061,1068139,77.53,60,,,,,
121,Delhi,East,1463583,131196,84.91,64,,,,,
122,Delhi,New,179112,450989,83.24,35,,,,,
123,Delhi,Central,646385,1533738,79.69,25,,,,,
124,Delhi,West,2128908,1258033,83.39,129,,,,,
125,Delhi,South,1755041,1583540,83.61,421,,,,,
126,Delhi,South,2267023,103904,81.96,250,,,,,
127,Dadra,Dadra,220490,566668,57.63,491,,,,,
128,Goa,North,758573,418894,83.52,1736,,,,,
129,Goa,South,589095,794483,80.06,1966,,,,,
130,Gujarat,Kachchh,1583225,1037619,59.79,45652,,,,,
131,Gujarat,Banas,2504244,599082,50.97,10757,,,,,
132,Gujarat,Patan,1182709,1188224,60.36,5740,,,,,
133,Gujarat,Mahesana,1837892,1171555,75.22,4371,,,,,
134,Gujarat,Sabar,2082531,879834,66.65,7390,,,,,
135,Gujarat,Gandhinagar,1334455,4012140,76.59,2166,,,,,
136,Gujarat,Ahmadabad,5816519,781155,79.5,8087,,,,,
137,Gujarat,Surendranagar,1515148,2033946,61.61,10489,,,,,
138,Gujarat,Rajkot,3169881,1083696,74.16,11203,,,,,
139,Gujarat,Jamnagar,1904278,316172,66.48,14125,,,,,
140,Gujarat,Porbandar,536835,1408878,68.62,2298,,,,,
141,Gujarat,Junagadh,2448173,789978,67.78,8846,,,,,
142,Gujarat,Amreli,1393918,1368920,66.09,7397,,,,,
143,Gujarat,Bhavnagar,2469630,1193404,66.2,9981,,,,,
144,Gujarat,Anand,1856872,1243363,74.51,2941,,,,,
145,Gujarat,Kheda,2024216,1025835,71.96,4219,,,,,
146,Gujarat,Panch,2025277,588074,60.92,5210,,,,,
147,Gujarat,Dohad,1636433,2228008,45.15,3655,,,,,
148,Gujarat,Vadodara,3641802,259472,70.76,7550,,,,,
149,Gujarat,Narmada,514404,875519,59.86,2755,,,,,
150,Gujarat,Bharuch,1370656,3206404,74.41,6527,,,,,
151,Gujarat,Surat,4995174,89586,74.65,7657,,,,,
152,Gujarat,The,186729,819146,59.65,1764,,,,,
153,Gujarat,Navsari,1229463,833257,75.83,2209,,,,,
154,Gujarat,Valsad,1410553,297795,69.15,3035,,,,,
155,Haryana,Panchkula,468411,662789,74,898,,,,,
156,Haryana,Ambala,1014411,638711,75.31,1574,,,,,
157,Haryana,Yamunanagar,1041630,494873,71.63,1768,,,,,
158,Haryana,Kurukshetra,825454,472563,69.88,1530,,,,,
159,Haryana,Kaithal,946131,732609,59.02,2317,,,,,
160,Haryana,Karnal,1274183,559478,67.74,2520,,,,,
161,Haryana,Panipat,967449,788105,69.17,1268,,,,,
162,Haryana,Sonipat,1279175,622654,72.79,2122,,,,,
163,Haryana,Jind,1189827,392178,62.12,2702,,,,,
164,Haryana,Fatehabad,806158,574624,57.98,2538,,,,,
165,Haryana,Sirsa,1116649,842302,60.55,4277,,,,,
166,Haryana,Hisar,1537117,809896,64.83,3983,,,,,
167,Haryana,Bhiwani,1425022,592485,67.45,4778,,,,,
168,Haryana,Rohtak,940128,541635,73.72,1745,,,,,
169,Haryana,Jhajjar,880072,478296,72.38,1834,,,,,
170,Haryana,Mahendragarh,812521,488190,69.89,1899,,,,,
171,Haryana,Rewari,765351,834693,75.25,1594,,,,,
172,Haryana,Gurgaon,1660289,1269801,62.91,2714,,,,,
173,Haryana,Faridabad,2194586,246169,70.03,2151,,,,,
174,Himachal Pradesh,Chamba,460887,940505,62.91,6522,,,,,
175,Himachal Pradesh,Kangra,1339030,21609,80.08,5739,,,,,
176,Himachal Pradesh,Lahul,33224,239649,73.1,13841,,,,,
177,Himachal Pradesh,Kullu,381571,587884,72.9,5503,,,,,
178,Himachal Pradesh,Mandi,901344,298498,75.24,3950,,,,,
179,Himachal Pradesh,Hamirpur,412700,312278,82.46,1118,,,,,
180,Himachal Pradesh,Una,448273,231733,80.37,1540,,,,,
181,Himachal Pradesh,Bilaspur,340885,332410,77.76,1167,,,,,
182,Himachal Pradesh,Solan,500557,274643,76.57,1936,,,,,
183,Himachal Pradesh,Sirmaur,458593,504330,70.39,2825,,,,,
184,Himachal Pradesh,Shimla,722502,51913,79.12,5131,,,,,
185,Himachal Pradesh,Kinnaur,78334,317078,75.2,6401,,,,,
186,Jharkhand,Garhwa,1035464,750293,39.21,4044,,,,,
187,Jharkhand,Palamu,2098359,270256,44.95,8705,,,,,
188,Jharkhand,Chatra,791434,1069890,43.24,3706,,,,,
189,Jharkhand,Hazaribagh,2277475,207495,57.74,5965,,,,,
190,Jharkhand,Kodarma,499403,667385,52.2,1494,,,,,
191,Jharkhand,Giridih,1904430,469652,44.5,4919,,,,,
192,Jharkhand,Deoghar,1165390,363825,50.09,2479,,,,,
193,Jharkhand,Godda,1047939,275829,43.13,2110,,,,,
194,Jharkhand,Sahibganj,927770,170931,37.61,1599,,,,,
195,Jharkhand,Pakaur,701664,690834,30.65,1806,,,,,
196,Jharkhand,Dumka,1759602,1348584,47.94,6212,,,,,
197,Jharkhand,Dhanbad,2397102,923150,67,2089,,,,,
198,Jharkhand,Bokaro,1777662,1500541,62.1,2880,,,,,
199,Jharkhand,Ranchi,2785064,156710,64.57,7698,,,,,
200,Jharkhand,Lohardaga,364521,568234,53.58,1491,,,,,
201,Jharkhand,Gumla,1346767,857301,51.74,9077,,,,,
202,Jharkhand,Pashchimi,2082795,1169213,50.17,9907,,,,,
203,Jharkhand,Purbi,1982988,232557,68.79,3533,,,,,
204,Jammu and Kashmir,Kupwara,650393,447075,43.24,2379,,,,,
205,Jammu and Kashmir,Baramula,1169780,641267,45.41,4588,,,,,
206,Jammu and Kashmir,Srinagar,1202447,226167,59.75,2228,,,,,
207,Jammu and Kashmir,Badgam,629309,281518,42.53,1371,,,,,
208,Jammu and Kashmir,Pulwama,652607,463197,49.6,1398,,,,,
209,Jammu and Kashmir,Anantnag,1172434,68278,46.54,3984,,,,,
210,Jammu and Kashmir,Leh,117232,60803,65.34,45110,,,,,
211,Jammu and Kashmir,Kargil,119307,274425,60.85,14036,,,,,
212,Jammu and Kashmir,Doda,691929,343429,47.9,11691,,,,,
213,Jammu and Kashmir,Udhampur,743509,156398,55.21,4550,,,,,
214,Jammu and Kashmir,Punch,372613,234228,51.19,1674,,,,,
215,Jammu and Kashmir,Rajauri,483284,1070574,57.99,2630,,,,,
216,Jammu and Kashmir,Jammu,1588772,307370,77.02,3097,,,,,
217,Jammu and Kashmir,Kathua,550084,2305279,65.57,2651,,,,,
218,Karnataka,Belgaum,4214505,794785,64.21,13415,,,,,
219,Karnataka,Bagalkot,1651892,866561,57.3,6575,,,,,
220,Karnataka,Bijapur,1806918,1297445,57.01,10494,,,,,
221,Karnataka,Gulbarga,3130922,768358,50.01,16224,,,,,
222,Karnataka,Bidar,1502373,676799,60.94,5448,,,,,
223,Karnataka,Raichur,1669762,534547,48.81,8441,,,,,
224,Karnataka,Koppal,1196089,551362,54.1,5575,,,,,
225,Karnataka,Gadag,971835,992550,66.11,4656,,,,,
226,Karnataka,Dharwad,1604253,904024,71.61,4260,,,,,
227,Karnataka,Uttara,1353644,837509,76.6,10291,,,,,
228,Karnataka,Haveri,1439116,980483,67.79,4823,,,,,
229,Karnataka,Bellary,2027140,849690,57.4,8450,,,,,
230,Karnataka,Chitradurga,1517896,1045620,64.45,8440,,,,,
231,Karnataka,Davanagere,1790952,1068934,67.43,5924,,,,,
232,Karnataka,Shimoga,1642545,810584,74.52,8477,,,,,
233,Karnataka,Udupi,1112243,723610,81.25,3880,,,,,
234,Karnataka,Chikmagalur,1140905,1525485,72.2,7201,,,,,
235,Karnataka,Tumkur,2584711,1382267,67.01,10597,,,,,
236,Karnataka,Kolar,2536069,4782565,62.84,8223,,,,,
237,Karnataka,Bangalore,6537124,1071327,82.96,2190,,,,,
238,Karnataka,Bangalore,1881514,951460,64.7,5815,,,,,
239,Karnataka,Mandya,1763705,1044584,61.05,4961,,,,,
240,Karnataka,Hassan,1721669,1391738,68.63,6814,,,,,
241,Karnataka,Dakshina,1897730,373541,83.35,4560,,,,,
242,Karnataka,Kodagu,548561,1471155,77.99,4102,,,,,
243,Karnataka,Mysore,2641027,432700,63.48,6854,,,,,
244,Karnataka,Chamarajanagar,965462,883860,50.87,5101,,,,,
245,Kerala,Kasaragod,1204078,1971403,84.57,1992,,,,,
246,Kerala,Kannur,2408956,576735,92.59,2966,,,,,
247,Kerala,Wayanad,780619,2335442,85.25,2131,,,,,
248,Kerala,Kozhikode,2879131,2754509,92.24,2344,,,,,
249,Kerala,Malappuram,3625471,1938818,89.61,3550,,,,,
250,Kerala,Palakkad,2617482,2437592,84.35,4480,,,,,
251,Kerala,Thrissur,2974232,2578813,92.27,3032,,,,,
252,Kerala,Ernakulam,3105798,882458,93.2,3068,,,,,
253,Kerala,Idukki,1129221,1668266,88.69,4358,,,,,
254,Kerala,Kottayam,1953646,1758978,95.82,2208,,,,,
255,Kerala,Alappuzha,2109160,1049876,93.43,1414,,,,,
256,Kerala,Pathanamthitta,1234016,2090444,94.84,2637,,,,,
257,Kerala,Kollam,2585208,2558494,91.18,2491,,,,,
258,Kerala,Thiruvananthapuram,3234356,44683,89.28,2192,,,,,
259,Lakshdweep,Lakshadweep,60650,603221,86.66,32,,,,,
260,Maharashtra,Nandurbar,1311709,1040837,55.78,5955,,,,,
261,Maharashtra,Dhule,1707947,2381376,71.65,7195,,,,,
262,Maharashtra,Jalgaon,3682690,1433889,75.43,11765,,,,,
263,Maharashtra,Buldana,2232480,1135245,75.78,9661,,,,,
264,Maharashtra,Akola,1630239,630763,81.41,5676,,,,,
265,Maharashtra,Washim,1020216,1856549,73.37,4898,,,,,
266,Maharashtra,Amravati,2607160,865556,82.54,12210,,,,,
267,Maharashtra,Wardha,1236736,2976205,80.06,6309,,,,,
268,Maharashtra,Nagpur,4067637,770662,84.03,9892,,,,,
269,Maharashtra,Bhandara,1136146,808414,78.47,4087,,,,,
270,Maharashtra,Gondiya,1200707,490121,78.52,5234,,,,,
271,Maharashtra,Gadchiroli,970294,1311008,60.1,14412,,,,,
272,Maharashtra,Chandrapur,2071101,1537777,73.17,11443,,,,,
273,Maharashtra,Yavatmal,2458271,1625685,73.62,13582,,,,,
274,Maharashtra,Nanded,2876259,543309,67.77,10528,,,,,
275,Maharashtra,Hingoli,987160,842536,66.25,4827,,,,,
276,Maharashtra,Parbhani,1527715,870399,66.07,6214,,,,,
277,Maharashtra,Jalna,1612980,1771659,64.4,7718,,,,,
278,Maharashtra,Aurangabad,2897013,3126188,72.94,10107,,,,,
279,Maharashtra,Nashik,4993796,5635799,74.36,15530,,,,,
280,Maharashtra,Thane,8131849,6617264,80.66,9558,,,,,
281,Maharashtra,Mumbai,8640419,2590613,86.89,446,,,,,
282,Maharashtra,Mumbai,3338031,1458324,86.4,157,,,,,
283,Maharashtra,Raigarh,2207929,5039290,77.03,7152,,,,,
284,Maharashtra,Pune,7232555,2598597,80.45,15643,,,,,
285,Maharashtra,Ahmadnagar,4040642,1241434,75.3,17048,,,,,
286,Maharashtra,Bid,2161250,1254534,67.99,10693,,,,,
287,Maharashtra,Latur,2080285,872022,71.54,7157,,,,,
288,Maharashtra,Osmanabad,1486586,2336825,69.02,7569,,,,,
289,Maharashtra,Solapur,3849543,1908947,71.25,14895,,,,,
290,Maharashtra,Satara,2808994,1095833,78.22,10480,,,,,
291,Maharashtra,Ratnagiri,1696777,612919,75.05,8208,,,,,
292,Maharashtra,Sindhudurg,868825,2364307,80.3,5207,,,,,
293,Maharashtra,Kolhapur,3523162,1717836,76.93,7685,,,,,
294,Maharashtra,Sangli,2583524,56819,76.62,8572,,,,,
295,Manipur,Senapati,"379,214",139080,3271,3271,,,,,
296,Manipur,Tamenglong,111499,119823,59.25,4391,,,,,
297,Manipur,Churachandpur,227905,202102,70.59,4570,,,,,
298,Manipur,Bishnupur,208368,311238,67.63,496,,,,,
299,Manipur,Thoubal,364140,255956,66.41,514,,,,,
300,Manipur,Imphal,444382,87549,80.22,519,,,,,
301,Manipur,Imphal,394876,57460,75.45,709,,,,,
302,Manipur,Ukhrul,140778,211499,73.12,4544,,,,,
303,Manipur,Chandel,118327,120874,56.23,3313,,,,,
304,Meghalya,West,518390,43816,50.67,3715,,,,,
305,Meghalya,East,250582,147590,60.62,2603,,,,,
306,Meghalya,South,100980,98754,55,1849,,,,,
307,Meghalya,West,296049,415160,65.1,5247,,,,,
308,Meghalya,Ri,192790,120182,65.73,2376,,,,,
309,Meghalya,East,660923,40849,76.07,2820,,,,,
310,Meghalya,Jaintia,299108,50596,51.87,3819,,,,,
311,Mizoram,Mamit,62785,269699,79.14,3025,,,,,
312,Mizoram,Kolasib,65960,82036,91.34,1382,,,,,
313,Mizoram,Aizawl,325676,42582,96.51,3576,,,,,
314,Mizoram,Champhai,108392,96097,91.19,3185,,,,,
315,Mizoram,Serchhip,53861,38603,95.15,1421,,,,,
316,Mizoram,Lunglei,137223,40983,84.17,4536,,,,,
317,Mizoram,Lawngtlai,73620,207536,64.74,2557,,,,,
318,Mizoram,Saiha,61056,837828,82.19,1399,,,,,
319,Madhya Pradesh,Sheopur,559495,827663,46.4,4989,,,,,
320,Madhya Pradesh,Morena,1592714,955356,64.74,4459,,,,,
321,Madhya Pradesh,Bhind,1428559,373358,70.52,4560,,,,,
322,Madhya Pradesh,Gwalior,1632109,682555,69.38,2691,,,,,
323,Madhya Pradesh,Datia,628240,797993,71.83,10277,,,,,
324,Madhya Pradesh,Shivpuri,1441950,542498,58.86,11064,,,,,
325,Madhya Pradesh,Guna,1666767,631370,59.55,5048,,,,,
326,Madhya Pradesh,Tikamgarh,1202998,420622,55.73,8687,,,,,
327,Madhya Pradesh,Chhatarpur,1474723,1118993,53.26,7135,,,,,
328,Madhya Pradesh,Panna,856558,548331,61.36,10252,,,,,
329,Madhya Pradesh,Sagar,2021987,984833,67.73,7306,,,,,
330,Madhya Pradesh,Damoh,1083949,991410,61.75,7502,,,,,
331,Madhya Pradesh,Satna,1870104,247303,64.61,6314,,,,,
332,Madhya Pradesh,Rewa,1973306,767630,62.01,4076,,,,,
333,Madhya Pradesh,Umaria,515963,759929,59.13,9952,,,,,
334,Madhya Pradesh,Shahdol,1575303,403371,58.71,10526,,,,,
335,Madhya Pradesh,Sidhi,1831152,694046,52.27,4256,,,,,
336,Madhya Pradesh,Neemuch,726070,672715,66.16,5535,,,,,
337,Madhya Pradesh,Mandsaur,1183724,1014882,70.31,4861,,,,,
338,Madhya Pradesh,Ratlam,1215393,748357,67.17,6091,,,,,
339,Madhya Pradesh,Ujjain,1710982,656369,70.86,6195,,,,,
340,Madhya Pradesh,Shajapur,1290685,396590,70.86,7020,,,,,
341,Madhya Pradesh,Dewas,1308223,735243,60.94,6778,,,,,
342,Madhya Pradesh,Jhabua,1394561,1575436,36.89,8153,,,,,
343,Madhya Pradesh,Dhar,1740329,780796,52.45,3898,,,,,
344,Madhya Pradesh,Indore,2465827,350354,75.15,8030,,,,,
345,Madhya Pradesh,West,1529562,866818,63.05,5422,,,,,
346,Madhya Pradesh,Barwani,1081441,548640,41.53,10776,,,,,
347,Madhya Pradesh,East,1713134,608083,61.76,6153,,,,,
348,Madhya Pradesh,Rajgarh,1254085,1159823,53.7,7371,,,,,
349,Madhya Pradesh,Vidisha,1214857,550972,61.83,2772,,,,,
350,Madhya Pradesh,Bhopal,1843510,658705,74.61,6578,,,,,
351,Madhya Pradesh,Sehore,1078912,770252,63.07,8466,,,,,
352,Madhya Pradesh,Raisen,1125154,257682,72.16,10043,,,,,
353,Madhya Pradesh,Betul,1395175,635839,66.38,3330,,,,,
354,Madhya Pradesh,Harda,474416,555204,66.51,6707,,,,,
355,Madhya Pradesh,Hoshangabad,1084265,1396120,70,4950,,,,,
356,Madhya Pradesh,Katni,1064167,624793,63.56,5211,,,,,
357,Madhya Pradesh,Jabalpur,2151203,261764,75.69,5133,,,,,
358,Madhya Pradesh,Narsimhapur,957646,446998,77.73,7470,,,,,
359,Madhya Pradesh,Dindori,580730,1020599,54.17,5800,,,,,
360,Madhya Pradesh,Mandla,894236,636216,59.61,11815,,,,,
361,Madhya Pradesh,Chhindwara,1849283,870688,65.81,8758,,,,,
362,Madhya Pradesh,Seoni,1166608,92726,65.61,9229,,,,,
363,Madhya Pradesh,Balaghat,1497968,180186,68.72,1786,,,,,
364,Nagaland,Mon,260652,174982,41.83,4228,,,,,
365,Nagaland,Tuensang,414818,89139,50.64,1615,,,,,
366,Nagaland,Mokokchung,232085,112198,83.92,1255,,,,,
367,Nagaland,Zunheboto,153955,201350,69.28,1628,,,,,
368,Nagaland,Wokha,161223,196180,80.55,927,,,,,
369,Nagaland,Dimapur,309024,85562,76.82,3114,,,,,
370,Nagaland,Kohima,310084,749820,74.54,2026,,,,,
371,Nagaland,Phek,148195,312880,70.65,5837,,,,,
372,ODISHA,Bargarh,1346336,544861,63.99,2081,,,,,
373,ODISHA,Jharsuguda,509716,139877,70.65,6657,,,,,
374,ODISHA,Sambalpur,935613,1015485,67.25,2940,,,,,
375,ODISHA,Debagarh,274108,780918,60.36,9712,,,,,
376,ODISHA,Sundargarh,1830673,964860,64.86,8303,,,,,
377,ODISHA,Kendujhar,1561990,1219495,59.24,10418,,,,,
378,ODISHA,Mayurbhanj,2223456,842855,51.91,3806,,,,,
379,ODISHA,Baleshwar,2024508,865643,70.56,2505,,,,,
380,ODISHA,Bhadrak,1333749,737848,73.86,2644,,,,,
381,ODISHA,Kendrapara,1302005,1574742,76.81,1668,,,,,
382,ODISHA,Jagatsinghapur,1057629,1004464,79.08,3932,,,,,
383,ODISHA,Cuttack,2341094,639363,76.66,2899,,,,,
384,ODISHA,Jajapur,1624341,529840,71.44,4452,,,,,
385,ODISHA,Dhenkanal,1066878,1310867,69.42,6375,,,,,
386,ODISHA,Nayagarh,864516,1024523,70.52,3890,,,,,
387,ODISHA,Khordha,1877395,1631722,79.59,2813,,,,,
388,ODISHA,Puri,1502682,175850,77.96,3479,,,,,
389,ODISHA,Ganjam,3160635,279705,60.77,8206,,,,,
390,ODISHA,Gajapati,518837,180321,41.26,4325,,,,,
391,ODISHA,Kandhamal,648201,291931,52.68,8021,,,,,
392,ODISHA,Baudh,373372,638048,57.73,3098,,,,,
393,ODISHA,Sonapur,541835,187412,62.84,2337,,,,,
394,ODISHA,Balangir,1337194,513383,55.7,6575,,,,,
395,ODISHA,Nuapada,530690,247829,42,3852,,,,,
396,ODISHA,Kalahandi,1335494,284538,45.94,7920,,,,,
397,ODISHA,Rayagada,831109,350044,36.15,7073,,,,,
398,ODISHA,Nabarangapur,1025766,126498,33.93,5291,,,,,
399,ODISHA,Koraput,1180637,19898,35.72,8807,,,,,
400,ODISHA,Malkangiri,504198,522782,30.53,5791,,,,,
401,Pondicherry,Yanam,31394,31234,73.72,293,,,,,
402,Pondicherry,Pondicherry,735332,122453,80.66,9,,,,,
403,Pondicherry,Mahe,36828,1345447,95.66,160,,,,,
404,Pondicherry,Karaikal,170791,1793999,81.94,3551,,,,,
405,Punjab,Gurdaspur,2104011,487554,73.77,5088,,,,,
406,Punjab,Amritsar,3096077,1352044,67.27,1633,,,,,
407,Punjab,Kapurthala,754521,1050378,73.93,2624,,,,,
408,Punjab,Jalandhar,1962700,394429,78.04,3386,,,,,
409,Punjab,Hoshiarpur,1480736,760067,81.02,1282,,,,,
410,Punjab,Nawanshahr,587468,347364,76.43,2113,,,,,
411,Punjab,Rupnagar,1116108,2036278,78.08,1180,,,,,
412,Punjab,Fatehgarh,538041,494525,73.65,3578,,,,,
413,Punjab,Ludhiana,3032831,903273,76.5,2235,,,,,
414,Punjab,Moga,894854,391658,63.52,5328,,,,,
415,Punjab,Firozpur,1746107,295618,60.69,2593,,,,,
416,Punjab,Muktsar,777493,632570,58.2,1458,,,,,
417,Punjab,Faridkot,550892,310632,61.95,3353,,,,,
418,Punjab,Bathinda,1183295,1041310,61.18,2198,,,,,
419,Punjab,Mansa,688758,1119824,52.41,5108,,,,,
420,Punjab,Sangrur,2000173,965445,59.98,3654,,,,,
421,Punjab,Patiala,1844934,795660,69.78,10978,,,,,
422,Rajasthan,Ganganagar,1789423,766862,64.74,9656,,,,,
423,Rajasthan,Hanumangarh,1518005,1028880,63.05,27244,,,,,
424,Rajasthan,Bikaner,1674271,1152872,56.91,16830,,,,,
425,Rajasthan,Churu,1923878,1488281,66.81,5928,,,,,
426,Rajasthan,Jhunjhunun,1913689,1063582,73.04,8380,,,,,
427,Rajasthan,Alwar,2992592,458782,61.74,5066,,,,,
428,Rajasthan,Bharatpur,2101142,608672,63.57,3033,,,,,
429,Rajasthan,Dhaulpur,983258,515913,60.13,5524,,,,,
430,Rajasthan,Karauli,1209665,650576,63.38,4498,,,,,
431,Rajasthan,Sawai,1117057,3027923,56.67,3432,,,,,
432,Rajasthan,Dausa,1317063,1317144,61.84,11143,,,,,
433,Rajasthan,Jaipur,5251071,1287921,69.9,7732,,,,,
434,Rajasthan,Sikar,2287788,1319879,70.47,17718,,,,,
435,Rajasthan,Nagaur,2775058,201960,57.28,22850,,,,,
436,Rajasthan,Jodhpur,2886505,902027,56.67,38401,,,,,
437,Rajasthan,Jaisalmer,508247,528975,50.97,28387,,,,,
438,Rajasthan,Barmer,1964835,367938,58.99,10640,,,,,
439,Rajasthan,Jalor,1448940,806297,46.49,5136,,,,,
440,Rajasthan,Sirohi,851107,1168856,53.94,12387,,,,,
441,Rajasthan,Pali,1820251,513474,54.39,8481,,,,,
442,Rajasthan,Ajmer,2181670,437773,64.65,7194,,,,,
443,Rajasthan,Tonk,1211671,839353,51.97,5776,,,,,
444,Rajasthan,Bundi,962620,449046,55.57,10455,,,,,
445,Rajasthan,Bhilwara,2013789,1255399,50.74,3860,,,,,
446,Rajasthan,Rajsamand,987024,425440,55.65,13419,,,,,
447,Rajasthan,Udaipur,2633312,529481,58.62,3770,,,,,
448,Rajasthan,Dungarpur,1107643,807105,48.57,5037,,,,,
449,Rajasthan,Banswara,1501589,968781,44.63,10856,,,,,
450,Rajasthan,Chittaurgarh,1803524,495121,54.09,5217,,,,,
451,Rajasthan,Kota,1568525,556592,73.53,6992,,,,,
452,Rajasthan,Baran,1021653,23572,59.5,6219,,,,,
453,Rajasthan,Jhalawar,1180323,60628,57.32,4226,,,,,
454,Sikkim,North,41030,74614,67.21,1166,,,,,
455,Sikkim,West,123256,159521,58.8,750,,,,,
456,Sikkim,South,131525,1865707,67.31,954,,,,,
457,Sikkim,East,245040,3336695,74.67,3550,,,,,
458,Tamil Nadu,Thiruvallur,2754756,1952198,76.94,174,,,,,
459,Tamil Nadu,Chennai,4343645,2203552,85.33,4307,,,,,
460,Tamil Nadu,Kancheepuram,2877468,1516221,76.85,6077,,,,,
461,Tamil Nadu,Vellore,3477317,1297151,72.36,9622,,,,,
462,Tamil Nadu,Dharmapuri,2856300,1650528,61.39,6190,,,,,
463,Tamil Nadu,Tiruvannamalai,2186125,1734442,67.39,7190,,,,,
464,Tamil Nadu,Viluppuram,2960373,903802,63.8,5245,,,,,
465,Tamil Nadu,Salem,3016346,1521955,65.09,3404,,,,,
466,Tamil Nadu,Namakkal,1493462,541099,67.41,8209,,,,,
467,Tamil Nadu,Erode,2581500,2945278,65.36,2549,,,,,
468,Tamil Nadu,The,762141,1181746,80.01,7469,,,,,
469,Tamil Nadu,Coimbatore,4271856,566728,76.97,6058,,,,,
470,Tamil Nadu,Dindigul,1923014,1673478,69.35,2901,,,,,
471,Tamil Nadu,Karur,935686,286197,68.08,4511,,,,,
472,Tamil Nadu,Tiruchirappalli,2418366,388605,77.9,1750,,,,,
473,Tamil Nadu,Perambalur,493646,1420488,66.07,1944,,,,,
474,Tamil Nadu,Ariyalur,695524,996580,64.08,3706,,,,,
475,Tamil Nadu,Cuddalore,2285395,788302,71.01,2377,,,,,
476,Tamil Nadu,Nagapattinam,1488839,1476256,76.34,3476,,,,,
477,Tamil Nadu,Thiruvarur,1169474,907376,76.58,4651,,,,,
478,Tamil Nadu,Thanjavur,2216138,738000,75.45,4143,,,,,
479,Tamil Nadu,Pudukkottai,1459601,1776654,71.12,3696,,,,,
480,Tamil Nadu,Sivaganga,1155356,692797,72.18,2869,,,,,
481,Tamil Nadu,Madurai,2578201,1136574,77.82,4283,,,,,
482,Tamil Nadu,Theni,1093950,757344,71.58,4175,,,,,
483,Tamil Nadu,Virudhunagar,1751301,1131406,73.7,4621,,,,,
484,Tamil Nadu,Ramanathapuram,1187604,1829064,72.96,6810,,,,,
485,Tamil Nadu,Thoothukkudi,1572273,1308322,81.52,1684,,,,,
486,Tamil Nadu,Tirunelveli,2723988,1035378,76.09,479,,,,,
487,Tamil Nadu,Kanniyakumari,1676034,459502,87.55,2993,,,,,
488,Tripura,West,1532982,158397,77.26,3057,,,,,
489,Tripura,South,767440,368822,69.9,2400,,,,,
490,Tripura,Dhalai,307868,1444013,60.93,2036,,,,,
491,Tripura,North,590913,1738529,72.99,3689,,,,,
492,Uttar Pradesh,Saharanpur,2896863,1461119,61.22,4008,,,,,
493,Uttar Pradesh,Muzaffarnagar,3543362,1358935,60.67,4561,,,,,
494,Uttar Pradesh,Bijnor,3131619,591351,58.08,3718,,,,,
495,Uttar Pradesh,Moradabad,3810983,592056,44.75,2367,,,,,
496,Uttar Pradesh,Rampur,1923739,1606469,38.76,2249,,,,,
497,Uttar Pradesh,Jyotiba,1499068,615873,49.47,2590,,,,,
498,Uttar Pradesh,Meerut,2997361,1899735,64.79,1321,,,,,
499,Uttar Pradesh,Baghpat,1163991,675669,64.24,1148,,,,,
500,Uttar Pradesh,Ghaziabad,3290586,1408082,69.74,1442,,,,,
501,Uttar Pradesh,Gautam,1202030,1420604,68.69,4352,,,,,
502,Uttar Pradesh,Bulandshahar,2913122,675483,59.39,3650,,,,,
503,Uttar Pradesh,Aligarh,2992286,1025566,58.48,1840,,,,,
504,Uttar Pradesh,Hathras,1336031,1852919,62.49,3340,,,,,
505,Uttar Pradesh,Mathura,2074516,1065525,61.46,4027,,,,,
506,Uttar Pradesh,Agra,3620436,1220398,62.6,2361,,,,,
507,Uttar Pradesh,Firozabad,2052958,842119,64.48,4446,,,,,
508,Uttar Pradesh,Etah,2790410,924643,54.63,2760,,,,,
509,Uttar Pradesh,Mainpuri,1596718,1387124,65.09,5168,,,,,
510,Uttar Pradesh,Budaun,3069426,657860,38.17,4120,,,,,
511,Uttar Pradesh,Bareilly,3618589,1004296,47.84,3499,,,,,
512,Uttar Pradesh,Pilibhit,1645183,1244189,49.81,4575,,,,,
513,Uttar Pradesh,Shahjahanpur,2547855,1404443,49.09,7680,,,,,
514,Uttar Pradesh,Kheri,3207232,1420161,48.39,5743,,,,,
515,Uttar Pradesh,Sitapur,3619661,1215090,48.32,5986,,,,,
516,Uttar Pradesh,Hardoi,3398306,2129942,51.88,4558,,,,,
517,Uttar Pradesh,Unnao,2700324,1259547,54.64,2528,,,,,
518,Uttar Pradesh,Lucknow,3647834,780747,68.71,4609,,,,,
519,Uttar Pradesh,Rae,2872335,698434,53.79,2181,,,,,
520,Uttar Pradesh,Farrukhabad,1570408,766407,60.89,2093,,,,,
521,Uttar Pradesh,Kannauj,1388923,680440,61.88,2311,,,,,
522,Uttar Pradesh,Etawah,1338871,852350,69.57,2015,,,,,
523,Uttar Pradesh,Auraiya,1179993,2659833,70.5,3021,,,,,
524,Uttar Pradesh,Kanpur Dehat,1563336,782033,66.44,3155,,,,,
525,Uttar Pradesh,Kanpur Nagar,4167999,958769,74.37,4565,,,,,
526,Uttar Pradesh,Jalaun,1454452,384491,64.52,5024,,,,,
527,Uttar Pradesh,Jhansi,1744931,490606,65.47,5039,,,,,
528,Uttar Pradesh,Lalitpur,977734,305662,49.46,4282,,,,,
529,Uttar Pradesh,Hamirpur,1043724,670986,57.38,2884,,,,,
530,Uttar Pradesh,Mahoba,708447,392997,53.28,4460,,,,,
531,Uttar Pradesh,Banda,1537334,1062431,54.38,3164,,,,,
532,Uttar Pradesh,Chitrakoot,766225,1278271,65.04,4152,,,,,
533,Uttar Pradesh,Fatehpur,2308384,481756,56.3,3717,,,,,
534,Uttar Pradesh,Pratapgarh,2731174,2506942,57.6,1780,,,,,
535,Uttar Pradesh,Kaushambi,1293154,1023004,46.88,5482,,,,,
536,Uttar Pradesh,Allahabad,4936105,960361,62.11,4402,,,,,
537,Uttar Pradesh,Barabanki,2673581,954537,47.39,2341,,,,,
538,Uttar Pradesh,Faizabad,2088928,1448422,56.28,2350,,,,,
539,Uttar Pradesh,Ambedkar,2026876,665826,58.43,4436,,,,,
540,Uttar Pradesh,Sultanpur,3214832,318353,55.75,4420,,,,,
541,Uttar Pradesh,Bahraich,2381072,464587,35.16,2458,,,,,
542,Uttar Pradesh,Shrawasti,1176391,949342,33.82,3349,,,,,
543,Uttar Pradesh,Balrampur,1682350,678900,34.6,4003,,,,,
544,Uttar Pradesh,Gonda,2765586,880827,42.59,2895,,,,,
545,Uttar Pradesh,Siddharthnagar,2040085,573384,42.3,2688,,,,,
546,Uttar Pradesh,Basti,2084814,799890,52.49,1646,,,,,
547,Uttar Pradesh,Sant Kabir Nagar,1420226,1798769,50.88,2952,,,,,
548,Uttar Pradesh,Mahrajganj,2173878,1082779,46.61,3321,,,,,
549,Uttar Pradesh,Gorakhpur,3769456,1288320,58.49,2906,,,,,
550,Uttar Pradesh,Kushinagar,2893196,1790357,46.94,2538,,,,,
551,Uttar Pradesh,Deoria,2712650,919974,58.64,4054,,,,,
552,Uttar Pradesh,Azamgarh,3939916,1298700,56.95,1713,,,,,
553,Uttar Pradesh,Mau,1853997,1871674,62.16,2981,,,,,
554,Uttar Pradesh,Ballia,2761620,1444871,57.86,4038,,,,,
555,Uttar Pradesh,Jaunpur,3911679,785284,59.84,3377,,,,,
556,Uttar Pradesh,Ghazipur,3037582,1694405,59.55,2541,,,,,
557,Uttar Pradesh,Chandauli,1643251,625404,59.72,1535,,,,,
558,Uttar Pradesh,Varanasi,3138671,935101,66.12,1015,,,,,
559,Uttar Pradesh,Sant Ravidas Nagar,1353705,571318,57.9,4521,,,,,
560,Uttar Pradesh,Mirzapur,2116042,161161,55.31,6788,,,,,
561,Uttar Pradesh,Sonbhadra,1463519,237354,49.22,8016,,,,,
562,UTTARAKHAND,Uttarkashi,295013,141078,65.71,8030,,,,,
563,UTTARAKHAND,Chamoli,370359,337816,75.43,1984,,,,,
564,UTTARAKHAND,Rudraprayag,227439,876441,73.65,3642,,,,,
565,UTTARAKHAND,Tehri,604747,461675,66.73,3088,,,,,
566,UTTARAKHAND,Dehradun,1282143,296362,78.98,5329,,,,,
567,UTTARAKHAND,Garhwal,697078,148464,77.49,7090,,,,,
568,UTTARAKHAND,Pithoragarh,462289,392640,75.95,2246,,,,,
569,UTTARAKHAND,Bageshwar,249462,129947,71.29,3139,,,,,
570,UTTARAKHAND,Almora,630567,508731,73.64,1766,,,,,
571,UTTARAKHAND,Champawat,224542,659165,70.39,4251,,,,,
572,UTTARAKHAND,Nainital,762909,754948,78.36,2542,,,,,
573,UTTARAKHAND,Udham,1235614,1008288,64.86,2360,,,,,
574,UTTARAKHAND,Hardwar,1447187,1810083,63.75,3149,,,,,
575,West Bengal,Darjiling,1609172,1386965,71.79,3149,,,,,
576,West Bengal,Jalpaiguri,3401173,923477,62.85,6227,,,,,
577,West Bengal,Koch,2479155,799479,66.3,3387,,,,,
578,West Bengal,Uttar,2441794,1332704,47.89,3140,,,,,
579,West Bengal,Dakshin,1503178,2620538,63.59,2219,,,,,
580,West Bengal,Maldah,3290468,1553852,50.28,3733,,,,,
581,West Bengal,Murshidabad,5866569,4205146,54.35,5324,,,,,
582,West Bengal,Birbhum,3015422,2644461,61.48,4545,,,,,
583,West Bengal,Barddhaman,6895514,6151527,70.18,7024,,,,,
584,West Bengal,Nadia,4604827,3333988,66.14,3927,,,,,
585,West Bengal,North,8934286,1734222,78.07,4094,,,,,
586,West Bengal,Hugli,5041976,1182284,75.11,3149,,,,,
587,West Bengal,Bankura,3192695,6164316,63.44,6882,,,,,
588,West Bengal,Puruliya,2536516,2895625,55.57,6259,,,,,
589,West Bengal,Medinipur,9610788,3382103,74.9,14081,,,,,
590,West Bengal,Haora,4273099,4067343,77.01,1467,,,,,
591,West Bengal,Kolkata,4572876,,80.86,185,,,,,
592,West Bengal,Four,6906689,,69.45,9960,,,,,
